early_anchor_min,late_anchor_min,fixed_bff_early_p_transport,fixed_bff_late_p_transport,fixed_bff_pair_exceed,fixed_base60_early_p_transport,fixed_base60_late_p_transport,fixed_base60_pair_exceed,fixed_nrgf60_early_p_transport,fixed_nrgf60_late_p_transport,fixed_nrgf60_pair_exceed,fixed_representation_exceedance_count,fixed_primary_pair_exceed,spherical_bff_early_p_transport,spherical_bff_late_p_transport,spherical_bff_pair_exceed,spherical_base60_early_p_transport,spherical_base60_late_p_transport,spherical_base60_pair_exceed,spherical_nrgf60_early_p_transport,spherical_nrgf60_late_p_transport,spherical_nrgf60_pair_exceed,spherical_representation_exceedance_count,spherical_primary_pair_exceed,measured_bff_early_p_transport,measured_bff_late_p_transport,measured_bff_pair_exceed,measured_base60_early_p_transport,measured_base60_late_p_transport,measured_base60_pair_exceed,measured_nrgf60_early_p_transport,measured_nrgf60_late_p_transport,measured_nrgf60_pair_exceed,measured_representation_exceedance_count,measured_primary_pair_exceed
240.0,600.0,0.052530341011061084,0.16371796177140274,False,0.054099942823364694,0.13857793972927193,False,0.07179988620450684,0.19869071151429515,False,0,False,0.17210025960407382,0.15470859878995885,False,0.05424984252185788,0.1674779226864968,False,0.11551230195998224,0.3161275030783671,False,0,False,0.07047452235179581,0.1943450870474272,False,0.08374109818938187,0.2641326447658262,False,0.09696101315636323,0.3384662197411171,False,0,False
270.0,630.0,0.019556953754915812,0.25434215673654303,False,0.11756355062727311,0.4071651624980168,False,0.1562301887522763,0.3901980482390668,False,0,False,0.09648543548984645,0.32275189318667247,False,0.0934470101080773,0.41800132971458215,False,0.1657088691486872,0.4492945837742585,False,0,False,0.12263489170312106,0.2781802950537069,False,0.1575292345421186,0.3550898894422888,False,0.16187491045619973,0.47204316755924025,False,0,False
300.0,660.0,0.018686057462762532,0.2926282298127595,False,0.222444151594219,0.5619403669531831,False,0.15208281744388089,0.570946280325662,False,0,False,0.07753116448635614,0.49626272978393215,False,0.2296192249813163,0.5141397552611044,False,0.10582052993969834,0.5675364208865852,False,0,False,0.06047598586583464,0.4853221867220573,False,0.16880575342413015,0.5000107560819198,False,0.11391385743946898,0.557711392480327,False,0,False
330.0,690.0,0.37045314041968497,0.2689669898384651,False,0.1400120655682558,0.5033801973295917,False,0.11562339633048442,0.47316352481117196,False,0,False,0.1230917001806861,0.49459127793793856,True,0.12031589927195256,0.4444243528241423,False,0.06464116447338697,0.3878792978808664,False,1,False,0.07546802754429642,0.492693731032919,False,0.05974330141802868,0.4457124283188495,False,0.05377512585909852,0.395147331373228,False,0,False
360.0,720.0,0.27189218435820794,0.35947495462279355,False,0.10832548102684017,0.3579665651029598,False,0.07037284025494057,0.33340574991485156,False,0,False,0.187090860017032,0.32830192239801853,False,0.12899639171037028,0.43032091220056445,False,0.04926544469932894,0.32276491577162264,False,0,False,0.1934886840321487,0.32067045168967057,False,0.1304871104628886,0.3579665651029598,False,0.10420118788482792,0.2760610200368507,False,0,False
390.0,750.0,0.17914335676368215,0.5510247975628629,True,0.2039228713380029,0.42517271869588624,False,0.1615119195330689,0.3534104938576887,False,1,False,0.15810047443039554,0.2788478408873015,False,0.18151738172251097,0.4179285120550363,False,0.3162353499168904,0.37997957312813,False,0,False,0.2662751756187701,0.23624658536461995,False,0.25284143208138343,0.4042490134456347,True,0.3005779505324609,0.37228678971336293,False,1,False
420.0,780.0,0.17666814353411933,0.6332040425715071,True,0.15767677515003595,0.36087887134666086,False,0.14138958639756113,0.36316190801448767,False,1,False,0.123318303417154,0.3674351386966218,True,0.13419271284008558,0.3360855361228329,False,0.22347523023601382,0.370479116510521,False,1,False,0.16769536903017934,0.35791467013474154,False,0.18080253313361883,0.33908791432984486,True,0.18479570605380563,0.3863539408115305,False,1,False
450.0,810.0,0.10224046458862703,0.7337574760816631,False,0.07068849744589814,0.28658238844172945,False,0.07547549453145294,0.325615242558557,False,0,False,0.13413346462349915,0.5090359582553011,True,0.08535086418313716,0.28145314823008866,False,0.10431361566979705,0.34708446257302017,False,1,False,0.14095552285420465,0.516057253492673,False,0.08952767276228295,0.28353641421843817,False,0.09079595686143946,0.3614351240160297,False,0,False
480.0,840.0,0.0935586539883409,0.5344405046890417,False,0.07849557020098404,0.15797210080585916,False,0.08716224771627307,0.1679036612167809,False,0,False,0.11061701978232574,0.43595885945893764,False,0.09135298344474925,0.20791122163055958,False,0.08119642800045766,0.20141320654538633,False,0,False,0.10190279866822777,0.5051973518448071,False,0.05579478303978762,0.22957638299117683,False,0.06440204022744198,0.20068636172239418,False,0,False
510.0,870.0,0.09875612989138562,0.07772900216789075,False,0.15851750827912833,0.29481945399075893,False,0.20397966964685285,0.2802726398265885,False,0,False,0.07473282126091915,0.052351945261980976,False,0.16170713331722592,0.3241336953365561,False,0.1776535834322428,0.28996087291566025,False,0,False,0.07959819130473775,0.06941653997678132,False,0.16621576510696026,0.32597302167305797,False,0.17465560397088803,0.2888278622507631,False,0,False
540.0,900.0,0.09560111300778161,0.1502695897045794,False,0.22609920178816312,0.3000246647537588,False,0.24191414426995567,0.29522091511705245,False,0,False,0.06632036992433314,0.16472149936647207,False,0.2356050917385598,0.3200045998008383,False,0.19274100542629255,0.3231036973213015,False,0,False,0.06267852628749689,0.14164555848697447,False,0.17046276938935806,0.3234703019820032,False,0.21641590791687607,0.30338702291105557,False,0,False
570.0,930.0,0.227560689978357,0.15653608443854905,False,0.13487461001215104,0.3787488073162962,False,0.12575301084408666,0.3492088896536133,False,0,False,0.12852709922954358,0.21190868711287494,False,0.15178262209179508,0.3677182076535118,False,0.12978534297784514,0.3876061715606187,False,0,False,0.11580267371341291,0.1801551628978365,False,0.14560394293650822,0.3711132523923696,False,0.09577373398568136,0.3935403446963596,False,0,False
600.0,960.0,0.1410595721904186,0.27537716131073886,False,0.05963748424325165,0.3575709985373704,False,0.05879186811286101,0.3654011471415979,False,0,False,0.10853894800231274,0.38126653134211363,False,0.08265076970941783,0.3827541331139569,False,0.11851308628130851,0.3675631293928197,False,0,False,0.10925397432269374,0.34627699137666346,False,0.1120615575683158,0.37397395386491983,False,0.13250033422524457,0.37154854903697876,False,0,False
630.0,990.0,0.03915400360046784,0.3163118851832274,False,0.022215543255606044,0.3663524354625869,False,0.03431124703779074,0.4063929691697076,False,0,False,0.056618055777217034,0.3551536793532213,False,0.03639005293743881,0.37229909852374465,False,0.07550199461515858,0.37956420769604693,False,0,False,0.03197837793574905,0.354483042473506,False,0.06139452034724884,0.3663524354625869,False,0.08656752032188218,0.37855017794684664,False,0,False
660.0,1020.0,0.13546087623866684,0.421109619756189,False,0.22662777236449994,0.36208576590919483,False,0.2150755256065941,0.36099449084129276,False,0,False,0.030504374575636498,0.380346752358499,False,0.20291961243769885,0.3780729296550427,False,0.14363257588535183,0.36817440513883615,False,0,False,0.04958595749034184,0.35983927974181495,False,0.11930247706832448,0.3626897374466347,False,0.11229844065936917,0.3936902144365141,False,0,False
690.0,1050.0,0.1650393487488143,0.5042847093040234,True,0.1772123115898624,0.31159193934418195,False,0.1529057524552306,0.27398602021908236,False,1,False,0.09706143129942046,0.3611674333129339,False,0.1400861679106581,0.32242165249609306,False,0.09843195601740372,0.2630442723719976,False,0,False,0.08051048008214483,0.3339168164747629,False,0.13432210193983624,0.33429134266909033,False,0.15916669126141877,0.28236509649757136,False,0,False
720.0,1080.0,0.05076370642147621,0.5095099250040658,False,0.09637259252669826,0.3155908513422297,False,0.16733908996827865,0.311220459840919,False,0,False,0.209868720141854,0.4181926705441965,True,0.10850823299772688,0.37690779863230484,False,0.19269233973405633,0.3496106009942764,False,1,False,0.1939211010919254,0.4247319167261753,False,0.11817135996537982,0.4946615455146848,False,0.19811361076448628,0.36158884848470746,False,0,False
750.0,1110.0,0.10403695174400784,0.4241526331077339,False,0.13637623233430174,0.2615954669789869,False,0.19951099000351086,0.3459608444173802,False,0,False,0.15899058219554324,0.6011043071225444,True,0.15971848185972146,0.35527584767250453,False,0.15530256172764198,0.6066327311068022,False,1,False,0.09698915294693922,0.5769385681776992,False,0.1947313187306652,0.424002654256479,True,0.15268351376308975,0.5760834828036033,False,1,False
780.0,1140.0,0.08869360402911229,0.3137331747229043,False,0.1319988931375738,0.11561320490206409,False,0.11592583740908113,0.17144010206134347,False,0,False,0.22595917452221406,0.6449444387559269,True,0.1686949666263559,0.1257209643936883,False,0.15845012695549382,0.2264863409112441,False,1,False,0.23580338209337376,0.6447794169748626,True,0.11139398974852364,0.12552346310860085,False,0.11716540201606424,0.22325994178013697,False,1,False
810.0,1170.0,0.08932010602629761,0.4014039503556719,False,0.10353172982241855,0.19621409014169405,False,0.12455838326265972,0.17007514577174304,False,0,False,0.14817994455515637,0.5033659883123209,True,0.11253272692273585,0.1979563050385254,False,0.17414612580561456,0.17564071626297073,False,1,False,0.13171671907649105,0.4960425389397346,False,0.13125550444950734,0.19757775813463804,False,0.1219918313621791,0.1751435343294283,False,0,False
840.0,1200.0,0.18002300654564843,0.418769764670359,False,0.0664561559723939,0.33896680868477613,False,0.041386224680608354,0.3440238942473348,False,0,False,0.09298939453030768,0.5480473572557505,False,0.07376771022907369,0.2954350183148844,False,0.09479228937163037,0.2084871771207626,False,0,False,0.14090086674571747,0.5591134623971594,False,0.09472094815640945,0.36111985303373595,False,0.05020450319169503,0.22881851922845214,False,0,False
870.0,1230.0,0.18660983999187186,0.30255404092464583,False,0.10465016212491157,0.407702843102716,False,0.07597723204227311,0.381844129078178,False,0,False,0.18464678798009915,0.4332061490621053,True,0.0852191189576778,0.3330028428044729,False,0.08215805770690085,0.3455381694165024,False,1,False,0.1989282602595715,0.4065876205169052,False,0.17500415869961947,0.3364482112905946,False,0.13678274565382764,0.32992562500892986,False,0,False
900.0,1260.0,0.06357513172982085,0.288166157733411,False,0.16848524303277063,0.4455067668488548,False,0.12412512144085958,0.4372745488052856,False,0,False,0.19647520550885603,0.33019786186335487,False,0.15228189977310175,0.4068656246605493,False,0.09346748837527342,0.4807440210099504,False,0,False,0.2078955143326782,0.3648886535392337,True,0.15586167244827007,0.4455067668488548,False,0.11652944530083452,0.4920841097905354,False,1,False
930.0,1290.0,0.034355783055758295,0.4136740658104898,False,0.16064992844094897,0.39020746167586595,False,0.1268238405346292,0.3814756306935839,False,0,False,0.09635182505409425,0.5228854180652431,False,0.19834667502470604,0.3661914510842234,False,0.09506099969336065,0.4342562948134312,False,0,False,0.09214037146898667,0.4997435221913773,False,0.10298207182770212,0.39083989446124057,False,0.08607473920096174,0.4539627076433175,False,0,False
960.0,1320.0,0.022660915661055533,0.44303614428735355,False,0.14468030698930787,0.22930684393762235,False,0.13371875445573683,0.2227039373928536,False,0,False,0.04732829793734492,0.39271891403120973,False,0.10746480574060849,0.24578781899175967,False,0.12242142339272041,0.2335964606949582,False,0,False,0.04893197527804133,0.49649097241764517,False,0.1127444873146415,0.2548100726311175,False,0.08312992140659196,0.2360930925862159,False,0,False
990.0,1350.0,0.06998533320113325,0.43352623115828565,False,0.07968607967949053,0.325218417060283,False,0.12230536531670784,0.31458383108983545,False,0,False,0.020782709978523113,0.34872306714069745,False,0.08946623354575287,0.3255940241464643,False,0.1632854794839824,0.29584599153644825,False,0,False,0.06664420998103553,0.3509636111124176,False,0.130780346357928,0.3345094428303512,False,0.1645111497721265,0.27227187128896657,False,0,False
1020.0,1380.0,0.26655006182035307,0.5106471545497624,True,0.10453996834699927,0.38912907298280164,False,0.09701822068438336,0.3670262083985195,False,1,False,0.0968582616655172,0.23437607754539003,False,0.13758821357927886,0.40210291909650053,False,0.14209354852652445,0.3119096685118751,False,0,False,0.1007284007308212,0.2613297274139248,False,0.2110648264260321,0.4035275658334997,True,0.19229601340769656,0.33036732864665364,False,1,False
1050.0,1410.0,0.26425740384554197,0.6369818095050729,True,0.17262069768578867,0.4147075591080761,False,0.15130354113832464,0.41148377435786376,False,1,False,0.19845495969889218,0.2515620299190911,False,0.19515918178454333,0.4313117300557021,False,0.13395541116075746,0.3608759821446318,False,0,False,0.20621532617271782,0.23143327801519858,False,0.16786189359027406,0.46519850123402384,False,0.19364548175493876,0.3833700346435315,False,0,False
1080.0,1440.0,0.0933747338452694,0.36089757488899943,False,0.12454826425677358,0.25188538767504653,False,0.10382539816340158,0.29457920173121716,False,0,False,0.0948771105414408,0.24924265867048526,False,0.14151054828175896,0.2868272295144695,False,0.1260944208785763,0.4251650618657587,False,0,False,0.20294739075810717,0.2495231450049163,False,0.12730611761851096,0.29971223048354895,False,0.0855385698116521,0.4276109227935858,False,0,False
1110.0,1470.0,0.04617168952820046,0.34945462756236234,False,0.0463856992043306,0.13690741356169298,False,0.0643573178386116,0.17229725414531744,False,0,False,0.07024850928335084,0.2843005745453624,False,0.08887624271004876,0.1597129760334033,False,0.12439727244455231,0.34351422086539074,False,0,False,0.07170014336425634,0.2686396604050853,False,0.087681900119997,0.2619795910240368,False,0.08347796780392112,0.32829708102191846,False,0,False
1140.0,1500.0,0.025667463504657994,0.2685339438873745,False,0.16736776574318313,0.21534920474019792,False,0.10968988803369181,0.24571622512343533,False,0,False,0.08794945465055243,0.26948280850439543,False,0.17314784523902482,0.2874396592966398,False,0.14377937106634578,0.3298135137223721,False,0,False,0.0721879191260805,0.27525437785771556,False,0.13821287859587555,0.23148873934772884,False,0.11284121109274439,0.30215034915007816,False,0,False
1170.0,1530.0,0.026906279119849334,0.11206966253163184,False,0.18746283516609732,0.3073201374274475,False,0.1725160285818731,0.38062035158452334,False,0,False,0.11796674234337094,0.14341365637352615,False,0.2027589321088386,0.31862736330099267,False,0.16872849728886746,0.35163478795525965,False,0,False,0.1033290244597817,0.14614412273919924,False,0.21206820241191351,0.31685867782429394,False,0.16606004756166265,0.37576947297645896,False,0,False
1200.0,1560.0,0.08187258861942373,0.2413554132783659,False,0.14024961425541,0.29806884297312974,False,0.1650946500716719,0.34569569643587295,False,0,False,0.1093569800372755,0.3836313506747661,False,0.15497122477734218,0.30910671920858024,False,0.12153386476951077,0.3507310147850695,False,0,False,0.1375748030490104,0.395335136128842,False,0.14644089740096813,0.3367985196798656,False,0.12245245368102146,0.3512444810179466,False,0,False
1230.0,1590.0,0.2118229391569768,0.5029812949806033,True,0.16350898054862728,0.31158264594877394,False,0.17648434499144022,0.34245560515493223,False,1,False,0.13303670941021725,0.5085755001717156,True,0.14325578074079776,0.3197898860219389,False,0.09321205805252304,0.3300790716995775,False,1,False,0.12394719656813849,0.47211633763139005,False,0.1084343413585436,0.335648972573107,False,0.09721567368680381,0.32371567230564474,False,0,False
1260.0,1620.0,0.14225528532051024,0.40866690160005326,False,0.06477521900915,0.4340417153098608,False,0.063571548802034,0.3987509058821528,False,0,False,0.11736576479753831,0.31084727010460916,False,0.08522779956003018,0.42551314298967113,False,0.09309957507664793,0.36671578323169685,False,0,False,0.08343332828017641,0.30954767897778823,False,0.0908360583823152,0.4279235240018303,False,0.092783827976981,0.3552675517569839,False,0,False
1290.0,1650.0,0.13864297681102325,0.27480793427921435,False,0.06887204129827539,0.3641881576824828,False,0.06804280824411796,0.3917059174398322,False,0,False,0.14996177035285707,0.26945487731441287,False,0.11143748570529831,0.36092966289159084,False,0.12632067274535638,0.42884603751546024,False,0,False,0.13190062876714406,0.279480441408454,False,0.08723070156161443,0.34825315058484463,False,0.11823449331549486,0.4395462772001163,False,0,False
1320.0,1680.0,0.16327320381238242,0.22186835361748064,False,0.19881041494690507,0.22357197944657492,False,0.20185532128030903,0.2632068104469728,False,0,False,0.13402578477410124,0.3433752853224933,False,0.2106319385578294,0.20575652046569048,False,0.14881876661462268,0.34240278662267926,False,0,False,0.16271888223702954,0.40650152249963756,False,0.16994345726251067,0.25165539338647225,False,0.13798291677246288,0.3574383390264583,False,0,False
1350.0,1710.0,0.1330425880481586,0.22326122384373912,False,0.14628440081614374,0.34542712665316166,False,0.14402809437300312,0.3254739274372452,False,0,False,0.2013040620253433,0.39736359312610703,True,0.1458680592641172,0.37480513828814244,False,0.15578783476082664,0.4208017391138309,False,1,False,0.1928827991383522,0.3737714334703193,False,0.11962105175114926,0.4002627461543159,False,0.14906225185719407,0.423354143180204,False,0,False
1380.0,1740.0,0.17703996257619228,0.17003344086804534,False,0.049851792195488596,0.316295881359884,False,0.042226952536754306,0.2820518741653137,False,0,False,0.18142691417643508,0.22964671661738784,False,0.07089297910136959,0.29118868183841096,False,0.06570071906523939,0.2773657642581856,False,0,False,0.1776339615859052,0.2149764508614802,False,0.07305407663841124,0.3041760910716018,False,0.09445936667386708,0.2730173483896364,False,0,False
1410.0,1770.0,0.14259149567027446,0.25661925459854873,False,0.05696949921055543,0.30033055668141856,False,0.041402644512546216,0.2593965223060125,False,0,False,0.1551517937975444,0.14104509065707244,False,0.04242372852942526,0.2744133334130817,False,0.03465803561017495,0.24373129805045796,False,0,False,0.16621584515653676,0.15569027662241164,False,0.04159073431950519,0.2756579520454504,False,0.04327944516893221,0.25073498079714607,False,0,False
1440.0,1800.0,0.15205425079704088,0.1966389929098743,False,0.31695591897582914,0.34970989987697443,False,0.347262045813277,0.3226282712645414,False,0,False,0.16010246861171815,0.11482049073789102,False,0.29451731239664064,0.35933540677698783,True,0.25929240280974003,0.28979382862300956,False,1,False,0.13330920371663038,0.14525307012605684,False,0.12455447445665446,0.349733486730345,False,0.10786030349591587,0.30654706019864264,False,0,False
1470.0,1830.0,0.08858279432036585,0.2349445623488537,False,0.18357413697139138,0.4698611148949562,False,0.22646009969498918,0.4405198909523946,False,0,False,0.10918847710033404,0.23925558039554573,False,0.1922632065223396,0.4530949122712584,False,0.3170936778208562,0.4277825287860465,False,0,False,0.1151940500331017,0.2051692703103732,False,0.2242745530410145,0.4698611148949562,True,0.31014295283773136,0.42782509865346385,False,1,False
1500.0,1860.0,0.1299267679361704,0.13753001061555853,False,0.10619651353518271,0.4007963755323024,False,0.10798190935742635,0.43053411109292916,False,0,False,0.06130538268463313,0.20225611768986448,False,0.13824185465678548,0.4166734519344115,False,0.1990169320402332,0.5373318693707452,True,1,False,0.06116735957680308,0.2244172081256352,False,0.18651663382829275,0.4007963755323024,True,0.24352871449804517,0.5477913552068506,True,2,True
1530.0,1890.0,0.09342127049848672,0.34457568885481343,False,0.06977433291150045,0.38615835750427374,False,0.07789882478114529,0.4062555434517009,False,0,False,0.0684333453287861,0.4387599787110833,False,0.06909293737982072,0.4026621152331935,False,0.08179570417724488,0.43737350091480265,False,0,False,0.06974273244928839,0.41188450023013345,False,0.09443638529933118,0.40409301155204064,False,0.11730908954353536,0.4286040244500341,False,0,False
1560.0,1920.0,0.09254607340893471,0.41815774008131723,False,0.0944868355026672,0.4517062655506785,False,0.08162756118771076,0.46319131817666626,False,0,False,0.061460212196092226,0.5549591452802143,False,0.09916792714698965,0.4388414896735471,False,0.05604376811963456,0.37732066724933666,False,0,False,0.07784254221631816,0.565793716167118,False,0.0986759085080836,0.4449130477703267,False,0.05909026676983957,0.42005661070194605,False,0,False
1590.0,1950.0,0.12154896269180655,0.4108689825814238,False,0.15723447805945573,0.2904630822108617,False,0.1698058523373796,0.2823110191603535,False,0,False,0.09741144025007073,0.39879078268048895,False,0.15635047769740779,0.2860934467139789,False,0.17414219538405581,0.30876807582114996,False,0,False,0.08673350373182322,0.43741038425870016,False,0.13619068057177214,0.39179998260998816,False,0.10344605122490784,0.31950688343267797,False,0,False
1620.0,1980.0,0.11259727612956148,0.2310569262649485,False,0.16803409495132746,0.22458927444098337,False,0.1458840556401368,0.2924935754375435,False,0,False,0.17374617831399214,0.14742868511450857,False,0.16088854969588975,0.19928658266511368,False,0.152112958998749,0.36075743674254457,False,0,False,0.31074613289220077,0.14479078842767387,False,0.10886676666556779,0.19073053019108377,False,0.10571677946554281,0.36162186134230867,False,0,False
1650.0,2010.0,0.07060398678036237,0.23602302769038014,False,0.08708366478090462,0.16477971038486675,False,0.084390763653606,0.2938754264664028,False,0,False,0.15259442581739383,0.2740583659434897,False,0.08800214302087007,0.13064581024474503,False,0.09790533519287878,0.3344587204832011,False,0,False,0.1476488048801129,0.2580891696628332,False,0.06934660863030759,0.14160760430264674,False,0.1367181973408795,0.3276446159947576,False,0,False
1680.0,2040.0,0.025302331532035142,0.3599055930890893,False,0.08904272282530373,0.36858555387786135,False,0.10634867403329865,0.42503055494293274,False,0,False,0.06660838398536031,0.3034738064913749,False,0.08709936554879756,0.43190235546423755,False,0.10803295817189057,0.34981412099734577,False,0,False,0.10217732313861849,0.31513183880927514,False,0.10536558105630019,0.3761349922998788,False,0.15927648651845566,0.3587720306360952,False,0,False
1710.0,2070.0,0.06801187417123272,0.4433344219963349,False,0.09420148565187524,0.39735962980703055,False,0.11851168263842869,0.3907859530516973,False,0,False,0.10444164785260013,0.37059770989376206,False,0.08505550018528477,0.4370898097475192,False,0.1228317178713282,0.37115008548092443,False,0,False,0.04449404814024291,0.44942322075597846,False,0.07862380322849805,0.4540731427532567,False,0.11217039947553253,0.4387335504040961,False,0,False
1740.0,2100.0,0.08457849819703266,0.3227454268262144,False,0.07354694577317704,0.3839295484376325,False,0.08462141494821034,0.3493544364161645,False,0,False,0.15508269286867707,0.4200382902285834,True,0.12895303542006523,0.31290725956936244,False,0.11076029950805368,0.30343113814042577,False,1,False,0.15004914462715424,0.3325854061636975,False,0.11080272362709917,0.28183210573354933,False,0.09627731267116307,0.2986632309931103,False,0,False
1770.0,2130.0,0.0869353078042482,0.12723597645909626,False,0.1766623879323498,0.24476558724372055,False,0.13780983492551085,0.2601571235744592,False,0,False,0.08465839204707337,0.2718666986815751,False,0.19958762630267757,0.23334682099920734,False,0.1079186407692266,0.2997911298037425,False,0,False,0.049422087089149996,0.20846166515920522,False,0.22463856552385303,0.2346721979514212,False,0.07898458591212977,0.29468560832572227,False,0,False
1800.0,2160.0,0.0990145381230871,0.1827288597332401,False,0.144089064419656,0.2300260324244456,False,0.09757186131848658,0.2523115108163877,False,0,False,0.08784306895293753,0.23940515745371538,False,0.07280526742873301,0.23326781258973817,False,0.08796946129511077,0.3084106617908811,False,0,False,0.08663123874890537,0.1847199756618146,False,0.10003423490850213,0.2539121424269853,False,0.06539640908836182,0.3084238392303976,False,0,False
1830.0,2190.0,0.17273462957999336,0.25492265564717687,False,0.06015444701756303,0.280615271016586,False,0.08835509169620445,0.2947018703471511,False,0,False,0.1737333624790821,0.1491490875743945,False,0.05098851587447408,0.2933999650703263,False,0.1191981446304416,0.2930665007910658,False,0,False,0.18678089075778406,0.1593157137026852,False,0.05521159923888613,0.2667707547781459,False,0.13513238930608212,0.26981320783066765,False,0,False
1860.0,2220.0,0.10605544718587998,0.4907399603174183,False,0.11340317157206234,0.3047318358530973,False,0.12119281297116202,0.2191876055857745,False,0,False,0.22159257563431928,0.3134701574728167,False,0.13418113293601155,0.34314402128823634,False,0.11167667303580246,0.2852953089763035,False,0,False,0.2297266991985064,0.32216825200242394,False,0.12906311759545747,0.3656404794814001,False,0.15687161854119513,0.29176339387417294,False,0,False
1890.0,2250.0,0.056375889751314086,0.39421279349153204,False,0.21254379808149595,0.4020880895187916,False,0.2030737508231073,0.4225570824570637,False,0,False,0.04079535128064984,0.31501277186464693,False,0.1890502181222202,0.43538594798194613,False,0.12642535787819947,0.4116074819742325,False,0,False,0.056464006495733444,0.33098773017732475,False,0.14658560445200824,0.4338307562149133,False,0.17931336775230314,0.4162201813221825,False,0,False
1920.0,2280.0,0.05203117574243048,0.3157023851791765,False,0.11071408410505448,0.4117863008934973,False,0.11907432629238235,0.43013492436026624,False,0,False,0.023945938068355647,0.26066956122827956,False,0.10905352526463914,0.4433496076293653,False,0.14012665958886802,0.48681328043066247,False,0,False,0.10013832181540291,0.19676974672595648,False,0.11345237976117131,0.36848250190946097,False,0.12959587870204792,0.4585806239411765,False,0,False
1950.0,2310.0,0.21173248154413535,0.3568160962118686,False,0.05903610872078367,0.4091563274675185,False,0.109965339218411,0.46526042761403563,False,0,False,0.12768526064093283,0.3674240324510235,True,0.09614947740827834,0.3986757385132367,False,0.17701206750447548,0.4747090051272774,False,1,False,0.14988060400096137,0.33602637637714416,False,0.1873515707411271,0.40318739310734386,True,0.1769873271325359,0.43926363932981394,False,1,False
1980.0,2340.0,0.16800588624914964,0.3280625950591557,False,0.16150867596548446,0.3186829733801327,False,0.23862562958047218,0.3546354852455601,False,0,False,0.09166678271501504,0.46951790499759904,False,0.2481596020483246,0.31517501069639203,False,0.2007650835911166,0.300020830715646,False,0,False,0.08532752585191458,0.4910826050706031,False,0.1633072478079194,0.3021651898628699,False,0.18365157450987743,0.27576228620984905,False,0,False
2010.0,2370.0,0.14055617664604042,0.3130900136510556,False,0.23331920981863816,0.3233478647858903,False,0.2356424573403423,0.26428970271901764,False,0,False,0.09238985346060881,0.42691703991868324,False,0.3236443566283944,0.3490278596329077,False,0.12989793495201624,0.24428303340617774,False,0,False,0.11010585129459369,0.41739375717171945,False,0.13501801283941886,0.32575995671086433,False,0.08148348684819717,0.20277197628117322,False,0,False
2040.0,2400.0,0.06938542269866609,0.3014840666985905,False,0.1453260573179536,0.4892362686336661,False,0.16133674272818577,0.37391927983483286,False,0,False,0.18019589907492062,0.4191766026474959,True,0.22633082731000034,0.4888662124784181,False,0.11984599618541235,0.38127308908326785,False,1,False,0.15308652199566322,0.43457686304355037,False,0.12108957676156455,0.5036683201893583,False,0.046042611101933556,0.4083319292264127,False,0,False
2070.0,2430.0,0.08578507988252106,0.39018583782356897,False,0.11656190998456475,0.39876622306387155,False,0.1433916967141638,0.35557047588072066,False,0,False,0.2677979545466078,0.31822087321092857,False,0.16320516176443353,0.39071679255851355,False,0.1304908726405919,0.3985121978453049,False,0,False,0.27957591473413973,0.37845553490045697,True,0.14376236490314248,0.40893852720002954,False,0.15564373514112329,0.40186525051873356,False,1,False
2100.0,2460.0,0.12768528289364256,0.36475428087388834,False,0.10172678188810935,0.19229000130730034,False,0.10191434887319144,0.26028553846644426,False,0,False,0.2196648623300076,0.31657338306635807,False,0.10846574386091079,0.20997601177232722,False,0.11840315278468513,0.328008783032365,False,0,False,0.19067073835303,0.3267125731280144,False,0.16347157400017967,0.20870549372932934,False,0.13530862016702716,0.33361510940129874,False,0,False
2130.0,2490.0,0.14795422522523322,0.2142743181083081,False,0.09812196243171295,0.2553479922162256,False,0.1407987066108835,0.29378044908305945,False,0,False,0.12061378425013074,0.3207689823877395,False,0.09419412184246638,0.22012019297093516,False,0.1560760781902096,0.2943737426397618,False,0,False,0.09261888922937749,0.2695707871475124,False,0.14638577053839888,0.2175666234885468,False,0.185159440575409,0.29416262402398013,False,0,False
2160.0,2520.0,0.12791948715741455,0.2689695012686905,False,0.1515445643847058,0.549779144131444,False,0.1504041047386772,0.5281907544368467,False,0,False,0.05695614454640516,0.4077696685288825,False,0.1467902114664999,0.5509804409515563,False,0.13372651758881218,0.2299999902215078,False,0,False,0.06894668859636546,0.3257474387851636,False,0.14283879349746242,0.549779144131444,False,0.15781037415204402,0.3029963694107621,False,0,False
2190.0,2550.0,0.051516650317047864,0.4478437648750144,False,0.19114760869689393,0.4472778638883621,False,0.1790648976735629,0.4539363665376077,False,0,False,0.12850578161772064,0.4773765817523796,True,0.1477111604882177,0.45129720187313316,False,0.1257910246525527,0.4410303253941025,False,1,False,0.09917274988047452,0.4815087813921366,False,0.14913529019195315,0.44852231311165625,False,0.13118457214159557,0.42516275144055354,False,0,False
2220.0,2580.0,0.014767373669184068,0.6147054130145309,False,0.11627187852050222,0.26792297111437613,False,0.12012931326037715,0.24554971962781086,False,0,False,0.10908803137851783,0.6349655923189736,False,0.12770328806361128,0.2681502620788532,False,0.12606312216652646,0.34533149957598813,False,0,False,0.11558737682752478,0.6337248372445051,False,0.1807963719987375,0.28172546767499446,False,0.1001500597474667,0.35450547296847146,False,0,False
2250.0,2610.0,0.022605828196841773,0.5832382849176118,False,0.061006244491158136,0.188928270371476,False,0.06868344848683006,0.1600530612332514,False,0,False,0.11316733726525792,0.559679538284517,False,0.08375653031193649,0.20617352343702622,False,0.11567654021473794,0.33229865062936637,False,0,False,0.11307779094225633,0.5480866285946218,False,0.14334943931948896,0.19162326764429183,False,0.11610325230998486,0.3427468141616983,False,0,False
2280.0,2640.0,0.37748745489357066,0.17888926941509914,False,0.061985818381567685,0.4659682120504791,False,0.07355763892518467,0.3655054546804517,False,0,False,0.13988665314563445,0.5322479601844106,True,0.06268336886757545,0.4938641258163863,False,0.09722632908906975,0.4653909702243012,False,1,False,0.16267104392381618,0.545016155506767,False,0.07726010347386042,0.48966918690889943,False,0.0728387037327354,0.4756454589038597,False,0,False
2310.0,2670.0,0.305143364254425,0.15283228605896657,False,0.19383151395656706,0.36506199250729787,False,0.22071462083820304,0.4848082736713091,False,0,False,0.07489443555432816,0.5544275814365187,False,0.19370742473270755,0.3535590737664773,False,0.15952666714684177,0.4396767596091983,False,0,False,0.10736263772024146,0.5615217927800569,False,0.10582587273925578,0.3424612278510548,False,0.09858987808021669,0.45196352614403035,False,0,False
2340.0,2700.0,0.2271159056126444,0.18419684210419943,False,0.1971829188491709,0.2770822619983356,False,0.21400718468736848,0.3327857717884456,False,0,False,0.141959468287404,0.1969377879315908,False,0.1252498430849291,0.2906137371314211,False,0.12024801534873003,0.3568370898861599,False,0,False,0.07897637573659778,0.19356252066293328,False,0.15244995477040985,0.2993973741342166,False,0.11409591354957117,0.3446001811838023,False,0,False
2370.0,2730.0,0.196947527032904,0.12122542940536879,False,0.09890902255971115,0.30141403654082355,False,0.09003736552303004,0.3218508486973469,False,0,False,0.22083388671588117,0.15723756412223672,False,0.08362365257340743,0.3381249783948105,False,0.09488013557662488,0.34420524194554836,False,0,False,0.1274827872220797,0.15321172824336932,False,0.12888645867613618,0.33411005176962383,False,0.08626514489765542,0.337753677241483,False,0,False
2400.0,2760.0,0.08152118086300883,0.11297668727840177,False,0.062486524077189895,0.5179669558928119,False,0.08376938561999198,0.4741822348571276,False,0,False,0.2137214394720057,0.13278431617455186,False,0.06642261759157413,0.4867567644381312,False,0.16543214935527695,0.5494195220447202,False,0,False,0.20100236788831852,0.11292790065122305,False,0.13141910010387847,0.48016158268918885,False,0.13117277330354923,0.569794258217443,False,0,False
2430.0,2790.0,0.11843546840752002,0.17476026244691956,False,0.1247072804390317,0.5300448135387037,False,0.1471996930382785,0.5609809069036622,False,0,False,0.2861011404726123,0.21166693253738994,False,0.1715123075967429,0.539640583577694,False,0.22375522400534395,0.5345782268930569,True,1,False,0.16317686107837806,0.24816764853715223,False,0.16298666538460763,0.55795528578777,False,0.19119908777869862,0.4975063801417705,True,1,False
2460.0,2820.0,0.08505472110086018,0.18536126329193506,False,0.1548215875823504,0.2544734691755183,False,0.1469624688291203,0.2633160861123949,False,0,False,0.16319473137629686,0.24267264426930507,False,0.15888926060359093,0.2622567748175268,False,0.17872521235425,0.2640175806033585,False,0,False,0.10704006722021016,0.23691006900018857,False,0.13439809818646098,0.2548485990530095,False,0.2687947103832661,0.24087263244712365,False,0,False
2490.0,2850.0,0.19110311435306648,0.29681223803126955,False,0.2136651213694987,0.31300344802342706,False,0.14320854945886896,0.34659185962642797,False,0,False,0.1263844759380696,0.28762658342619674,False,0.1729201143318358,0.2627588461951908,False,0.09042828495204516,0.21249408500889777,False,0,False,0.09901132038223535,0.2934270234486985,False,0.11638277266100161,0.2380403113064965,False,0.1202183045099508,0.2132199760499517,False,0,False
2520.0,2880.0,0.2789808739906893,0.3647097120821415,False,0.1507970557608905,0.4124588046048271,False,0.13019634314391532,0.3881600917305176,False,0,False,0.1575673976246778,0.46621569176164634,True,0.1502551139346315,0.4080996678493678,False,0.06069643911175845,0.3836567554014354,False,1,False,0.13019342644512436,0.41513650158294546,False,0.1959647668534511,0.4124588046048271,True,0.06940621567105257,0.3596521907126774,False,1,False
2550.0,2910.0,0.18726526588126782,0.5283271714521048,True,0.1262382325695307,0.4743684810059544,False,0.09340844454207245,0.44063513072098764,False,1,False,0.08119849706819582,0.4887917389024359,False,0.12051411061194368,0.48603828468640065,False,0.12544642856466295,0.4988976023946423,False,0,False,0.1292663828628282,0.4714304929890262,False,0.1577951863516917,0.45901931822142317,False,0.09543754692551433,0.5137308388271382,False,0,False
2580.0,2940.0,0.08541912398664683,0.46138380592755246,False,0.06287496170593504,0.45218897715128115,False,0.05973690181677926,0.49972659598138064,False,0,False,0.10097998039168604,0.5034813208795209,False,0.1042471704289288,0.48416694526185466,False,0.16036532932279637,0.5777523704153111,False,0,False,0.09668558622757226,0.4876081161668576,False,0.13899187897968227,0.4834099907202103,False,0.10903183632271399,0.5690169819965447,False,0,False
2610.0,2970.0,0.08644373724180422,0.4120822771130432,False,0.1387812031484372,0.3391260545640133,False,0.18203279445686754,0.36955628563454423,False,0,False,0.1351144517060699,0.4319861329480853,True,0.13865178562366676,0.3780562933986521,False,0.16640540706257492,0.4105347803687156,False,1,False,0.1305793019603291,0.4384047954053437,False,0.10818462937160406,0.32207576856534104,False,0.15620236756892875,0.402942993426437,False,0,False
2640.0,3000.0,0.19934730687703986,0.4728314708356342,False,0.14996675246652674,0.3395663426157499,False,0.14642446633600117,0.33475606406402036,False,0,False,0.1389243517274679,0.2615937155279307,False,0.2128714070216271,0.3642160298938023,False,0.1821565641813461,0.41278146719652176,False,0,False,0.17556661286770323,0.34865977592522823,False,0.15439716614914414,0.3395663426157499,False,0.21418792028118866,0.455480172263266,True,1,False
2670.0,3030.0,0.07723157412267603,0.4300901511901024,False,0.13647144490897495,0.4029464337510832,False,0.14051515843629342,0.3212058997198127,False,0,False,0.0772281860446522,0.2936299474462595,False,0.1644849893298711,0.38383555672441705,False,0.16676305985519502,0.402649746394671,False,0,False,0.09369572794177358,0.37293736313843795,False,0.23298351852970364,0.4029464337510832,True,0.19681868773907843,0.42275128846747667,False,1,False
2700.0,3060.0,0.20665165179986145,0.2706660585227497,False,0.15045556222717743,0.40296697076942556,False,0.12514341950423072,0.44799817976156864,False,0,False,0.13783664082615474,0.3517995326039276,False,0.11493406898672241,0.40914280400148934,False,0.1148090426804404,0.3914492537941269,False,0,False,0.1499330958497697,0.33139099482307216,False,0.13291246023627282,0.41188115457344987,False,0.08502130980591768,0.39256834770873306,False,0,False
2730.0,3090.0,0.18722929353896303,0.3604997097553858,False,0.09833597935537652,0.34761666563992477,False,0.08068190418225354,0.3754455948734756,False,0,False,0.14278264828179493,0.30558295849992817,False,0.06291328683980094,0.3765366156913136,False,0.06693053444812304,0.22251039147617185,False,0,False,0.1450001552721636,0.2988225364965418,False,0.07147537800765953,0.3599957552403008,False,0.06745853135190007,0.22869753379033114,False,0,False
2760.0,3120.0,0.163136810066401,0.38910071211787156,False,0.0789571640893316,0.3408810336015195,False,0.08847587568534823,0.3446758762875666,False,0,False,0.1721906444118723,0.28971674620945653,False,0.06076237613763936,0.3323337441257952,False,0.07815337929230615,0.38440109868359895,False,0,False,0.1527518296613945,0.2688209147133396,False,0.06861087422443554,0.32811369655671874,False,0.1203371411733153,0.37789477659684967,False,0,False
2790.0,3150.0,0.14892385574719647,0.372612185230505,False,0.119798038272501,0.3071636207809893,False,0.20764486079372774,0.33207919176857115,False,0,False,0.12498848129632988,0.3200667119667456,False,0.14049693773774125,0.3362600105859039,False,0.14628127392272386,0.45150956303595446,False,0,False,0.12707244950363067,0.34970901217918915,False,0.12886520213782238,0.3469457061051482,False,0.1708988439244469,0.43235796002302473,False,0,False
2820.0,3180.0,0.08719224494922434,0.32186657248625394,False,0.11323002156326625,0.3221223137072236,False,0.1149715919161233,0.30910593014688287,False,0,False,0.13555404430893947,0.32497121736216056,False,0.16694756332531258,0.33824043537850074,False,0.15368445216187546,0.4582892104060109,False,0,False,0.12443396500573795,0.33056610241906176,False,0.22036074234970815,0.3517843792896564,True,0.17015858694165245,0.44911260058990554,False,1,False
2850.0,3210.0,0.059707408439812065,0.38821441993620187,False,0.05975425424966912,0.36872131927747387,False,0.07986121674257292,0.41104452770869015,False,0,False,0.12225925407163306,0.39046665063319963,False,0.0660379106223419,0.37100856726464837,False,0.16397801820860097,0.5031516078489947,False,0,False,0.1314680175474071,0.38405717838773723,False,0.10049342326840434,0.38502095525547964,False,0.11220490454354823,0.5185763604811158,False,0,False
2880.0,3240.0,0.09780630886163866,0.34190774189047457,False,0.2118267084238525,0.37231528813240466,False,0.18199713032456863,0.48238969156337985,False,0,False,0.07924803881577934,0.4175525523278023,False,0.10753029878593254,0.39018377197244936,False,0.1456336995931141,0.507586025862246,False,0,False,0.0735238847371014,0.4144851062992644,False,0.10854490828564439,0.38584866191294737,False,0.17360469362470352,0.5211329801430411,True,1,False
2910.0,3270.0,0.06028403801553293,0.3867500083803451,False,0.19392496038546503,0.39770085162286783,False,0.22852965529342226,0.34451865757635447,False,0,False,0.07633994450293437,0.3370916301388085,False,0.1734329978353186,0.39585835927783763,False,0.12816654012322032,0.239868331678804,False,0,False,0.1146268092537536,0.39481120997308783,False,0.0952964108943761,0.3602754876772732,False,0.1672132432049269,0.18091985690071496,False,0,False
2940.0,3300.0,0.06304969775871226,0.45455327457491845,False,0.13022222141389786,0.2263409075391763,False,0.13099314341434543,0.2064872086072651,False,0,False,0.06512678243781705,0.3992628581020341,False,0.15119626239747605,0.24154272154687428,False,0.13431719162229366,0.2716291997418135,False,0,False,0.11063962273759752,0.38443692731539647,False,0.11688061659963253,0.23594522358272774,False,0.15229587109586015,0.2618598593627574,False,0,False
2970.0,3330.0,0.04725119746443617,0.5350027894224175,False,0.21860774190790636,0.20261275661683614,False,0.23064746091424104,0.21164532809089123,False,0,False,0.10285668886238254,0.2820676483302551,False,0.2265121802916275,0.21281115010886037,False,0.25814127944360843,0.27818173260922696,False,0,False,0.14488492512085155,0.27726530053715337,False,0.1726659337150841,0.23444105509543417,False,0.1721685606590361,0.2951128954631919,False,0,False
3000.0,3360.0,0.06430444353733195,0.4252688793026237,False,0.18998623644967302,0.26987847585417557,False,0.21593687052301205,0.28546718417519146,False,0,False,0.1337198044403092,0.17614177830327932,False,0.17817375275523958,0.19420082780571227,False,0.2123753456085808,0.221451706752029,False,0,False,0.13088867968200754,0.15751580624560224,False,0.2857450796360542,0.2527101331270509,False,0.15099621953574446,0.24392921401513962,False,0,False
3030.0,3390.0,0.0997910888084742,0.1674413503428291,False,0.11557049041605469,0.5697722988027555,False,0.10168643416575979,0.6152446375978514,False,0,False,0.12315611225951859,0.12838774868552508,False,0.12416227250577726,0.5307617157657673,False,0.08324492169395165,0.4586573763943027,False,0,False,0.12948923986456914,0.11874817883960895,False,0.15786787458376283,0.4522692686564701,False,0.07911830136847356,0.4370718688356292,False,0,False
3060.0,3420.0,0.038468686363039344,0.28496035607846343,False,0.028868652990829875,0.5528265001271839,False,0.025054088258202527,0.5523724081170986,False,0,False,0.0857801752021743,0.3112091210259076,False,0.03500488030934238,0.5692352292279033,False,0.05839780389826325,0.5770584909390402,False,0,False,0.08868302207388787,0.2608724522510887,False,0.0767505859038116,0.62881047980259,False,0.07875775468284887,0.5887351323526177,False,0,False
3090.0,3450.0,0.0661887113947244,0.26403752335791864,False,0.03203035171712851,0.17643179879802018,False,0.05596434555992154,0.12468401016860445,False,0,False,0.06550695765647092,0.34438121580006065,False,0.04959966832000473,0.19484327570033377,False,0.057990439076927955,0.1640535418906668,False,0,False,0.04808406376623334,0.31790277952139356,False,0.04290570738424314,0.18486174709717101,False,0.06547267960292082,0.14266315967011833,False,0,False
3120.0,3480.0,0.12142665114409212,0.2345317070269562,False,0.1132081623698949,0.21384304183067565,False,0.08831710956851895,0.17950300996460222,False,0,False,0.07819914796687721,0.2816418103121917,False,0.10727967331221723,0.22723242703084232,False,0.10376496320528349,0.1578518583247444,False,0,False,0.07677094717524878,0.2463842420998808,False,0.06531617892346268,0.21730139791959047,False,0.13567247496144896,0.1582028586952852,False,0,False
3150.0,3510.0,0.030192654090747246,0.234034079922988,False,0.10188255994213628,0.3330736852466156,False,0.2282935376330932,0.3764873342959907,False,0,False,0.0600456215541801,0.35110632348957815,False,0.15850968581083374,0.33508653213727163,False,0.19235179715839723,0.23230566735010655,False,0,False,0.09067194799681004,0.2833408953457343,False,0.11363079856370492,0.3470071757093892,False,0.14264675090399517,0.22785261849746155,False,0,False
3180.0,3540.0,0.007833321112791178,0.279346430530479,False,0.07850914975551852,0.4318193638247444,False,0.10771515112675323,0.44589667385747356,False,0,False,0.03804790038817039,0.39453559526781445,False,0.10900989810179838,0.43151654356419944,False,0.1409405505538235,0.38900928336629115,False,0,False,0.03249921012408719,0.3844462441148199,False,0.096796879280285,0.4318193638247444,False,0.10745263545911043,0.29638221162374434,False,0,False
3210.0,3570.0,0.11373098587822153,0.3280944700532546,False,0.16429497092304046,0.4664660882066808,False,0.12023923652087946,0.46477487999367206,False,0,False,0.17399473145157662,0.3332035999449508,False,0.15286982276285105,0.46124311812299623,False,0.26489420052824236,0.46513280594113693,False,0,False,0.17782268778616833,0.35249639551916984,False,0.18973452792091708,0.4328643543026165,True,0.26195169383672695,0.47888774881486673,True,2,True
3240.0,3600.0,0.1810694147888132,0.2805443872715947,False,0.15550119575361177,0.39484446993909583,False,0.1266093618533709,0.35358605757475015,False,0,False,0.27859965033940487,0.19398811045667547,False,0.13806261209913712,0.32963662547905054,False,0.1690328698148843,0.4641025427828942,False,0,False,0.31890376460720493,0.4023263080035967,True,0.16803232154722578,0.32131335389042814,False,0.24232043251410634,0.3855831856068175,False,1,False
3270.0,3630.0,0.10294128528074092,0.28873102836872633,False,0.12946993822322997,0.4059078615558144,False,0.11025173856794435,0.4346554005449166,False,0,False,0.1654186649757438,0.2877037775880832,False,0.10936470077181773,0.3705632325657876,False,0.1264993115354638,0.3371559292828572,False,0,False,0.17650755451180938,0.2857285569330429,False,0.14426593299157014,0.377464101148024,False,0.13382331487606658,0.3674219037717015,False,0,False
3300.0,3660.0,0.1309362897216406,0.5072033637694083,True,0.1653569297048885,0.47611793416165665,False,0.15291200443856195,0.5522714869590548,False,1,False,0.07348967011535168,0.4607154080529971,False,0.19752242466145492,0.45573389394738284,False,0.11486031488268476,0.3400192797673639,False,0,False,0.06781782577149179,0.43674498443144283,False,0.13936078653454603,0.47611793416165665,False,0.10189741910768726,0.3094344544074136,False,0,False
3330.0,3690.0,0.06259540849657974,0.5957207156667355,False,0.1582471575308434,0.41935040922680467,False,0.1421470053589105,0.40719545973410765,False,0,False,0.024614768949859204,0.4062696422727513,False,0.18862446446235062,0.39358984511379647,False,0.1084479829265075,0.35606383124484886,False,0,False,0.03577605359514868,0.40474272521388,False,0.0926273063156481,0.4307072436008714,False,0.07199491594790022,0.29665162576575815,False,0,False
3360.0,3720.0,0.018828884195683886,0.6759222748131967,False,0.1306920970423887,0.30804999269839844,False,0.12024979304896075,0.26321137144895596,False,0,False,0.056496187189762515,0.274009174835217,False,0.16980888452729825,0.3162318938946589,False,0.14390921020083886,0.4243607678621236,False,0,False,0.04398718546271594,0.308294576433269,False,0.14975363511431075,0.3504515863193548,False,0.1096511048054576,0.470043544533173,False,0,False
3390.0,3750.0,0.026954528835299606,0.6512812353324546,False,0.24606052559679606,0.294130988824279,False,0.2602761214849811,0.31770330630284305,False,0,False,0.05124015752735734,0.24803111322970706,False,0.17938580718398875,0.2779223580353561,False,0.11508753641589939,0.32997039741080486,False,0,False,0.051260289835608826,0.2120499641724975,False,0.17300439548969146,0.294130988824279,False,0.15328388785856656,0.3285184573351542,False,0,False
3420.0,3780.0,0.07139789895105784,0.2313502708427938,False,0.10821069717334865,0.3525536454491588,False,0.12749847122854824,0.3588422433919658,False,0,False,0.08577387677805251,0.33081396973911703,False,0.09356002399885326,0.37999608357972664,False,0.11930457608440212,0.2653115830667616,False,0,False,0.09176932115292616,0.3298078968762901,False,0.09217895963969241,0.3538543085328728,False,0.14631175001724564,0.27848610876231583,False,0,False
3450.0,3810.0,0.16800018451770293,0.22531353389062314,False,0.061522949200013,0.45937569626094577,False,0.06291246898190263,0.50130438881398,False,0,False,0.09345898147577238,0.48276820115037944,False,0.06815789125738005,0.4373361312701598,False,0.10215839726511666,0.34607213558803673,False,0,False,0.11474911334527567,0.4477587350622356,False,0.13397990244941294,0.3557819313762043,False,0.12485276815210858,0.350955524265832,False,0,False
3480.0,3840.0,0.2857037069915737,0.23310712231901481,False,0.053500803497751805,0.4081121509183744,False,0.06736429855126352,0.47175118197886945,False,0,False,0.12908281733515434,0.3631048175094953,True,0.06849622208741202,0.3984419174658258,False,0.10805356113952326,0.46125433568984475,False,1,False,0.22867008981778414,0.5778595403282415,True,0.11470839284208668,0.35667531053225954,False,0.15166974099773195,0.43504444420715427,False,1,False
3510.0,3870.0,0.17820294477110502,0.17655640972235692,False,0.13951205348959292,0.41173056433510824,False,0.1372844384674692,0.41086046955355116,False,0,False,0.34843756011716603,0.2514026888728079,False,0.14047887790278735,0.38862921913235215,False,0.1159505147562086,0.44709500311283445,False,0,False,0.30764314905180934,0.1949573604662338,False,0.1333715262837252,0.3909453054519031,False,0.12720809592620286,0.4358364747442658,False,0,False
3540.0,3900.0,0.10122488036914386,0.3548715025690088,False,0.22912493028052758,0.40434648471180407,False,0.2279082604740811,0.35897972105487536,False,0,False,0.1804975209611938,0.3807994201361217,True,0.16875438410685428,0.4218381165919973,False,0.13850008272366462,0.3961006966550963,False,1,False,0.20723461163190543,0.3878464382504031,True,0.15661204907417528,0.4210255380641572,False,0.12350119977748757,0.3971374084506446,False,1,False
3570.0,3930.0,0.0608973424346978,0.3786954257532765,False,0.13920006338771237,0.3017920075005565,False,0.12331683632645374,0.3606179218696579,False,0,False,0.12957267085838606,0.40771724793421465,True,0.12808401494596522,0.3550536507909313,False,0.08996100481623512,0.35201337019766255,False,1,False,0.11331986684857116,0.3947512456656904,False,0.12632548744257074,0.3403208740716866,False,0.0910586241010433,0.3555307749956469,False,0,False
3600.0,3960.0,0.13966680257857414,0.5049940949295383,True,0.09323588055878218,0.22107195324624368,False,0.05822790527766957,0.24094277710707468,False,1,False,0.1001979045995371,0.48865051931658454,False,0.10932270551114379,0.256291356472016,False,0.06336129497683352,0.29092004842299923,False,0,False,0.0969529115850356,0.4897201489344213,False,0.10884621775184401,0.28060458471316363,False,0.07038266759630084,0.2623703630767073,False,0,False
3630.0,3990.0,0.17620821731521233,0.48512816818578053,True,0.11072040146279986,0.20875643714724212,False,0.09737753289898039,0.24470945111087195,False,1,False,0.10332697908019094,0.29813144274191694,False,0.14799833707885826,0.21419790044057108,False,0.12505805206317805,0.299210822904395,False,0,False,0.09146554765096007,0.31304563654480233,False,0.12998888498716232,0.2040100536392892,False,0.11760964089515671,0.28534297932087405,False,0,False
3660.0,4020.0,0.09956437979537638,0.12839087958356246,False,0.21652459484144493,0.3850959735336702,False,0.21668651116857193,0.339099815216193,False,0,False,0.18478005738658754,0.12910507872331084,False,0.2903211020508075,0.3920375091261098,True,0.2383395719218855,0.27875800498674824,False,1,False,0.18727311137048672,0.1287959311447944,False,0.1851271572783595,0.3850959735336702,True,0.14497698353409905,0.28026924797613245,False,1,False
3690.0,4050.0,0.0656536011572384,0.07595504651407431,False,0.16170198249900983,0.3397582368183947,False,0.1352846527127701,0.36199600898463413,False,0,False,0.11168268259393548,0.11072207722723351,False,0.16294592004836986,0.3323573752123874,False,0.15841157797801975,0.18801559211613084,False,0,False,0.11342831148572793,0.07671898665324689,False,0.09820185059017764,0.3492002127273488,False,0.07804668520124797,0.19587938797900162,False,0,False
3720.0,4080.0,0.08870818342480404,0.32860261901684634,False,0.08104400059324035,0.47050184230943404,False,0.08695322201941456,0.43209601978483825,False,0,False,0.10056075800120517,0.30935251572736455,False,0.08919580769273812,0.4522979484237285,False,0.10806684561314306,0.27403403131949444,False,0,False,0.09168044091178472,0.234746749322529,False,0.08988674297902047,0.4442693661898106,False,0.10686995004819919,0.26423794102007414,False,0,False
3750.0,4110.0,0.2591903606075735,0.42933624132728027,False,0.06869263694062737,0.3911259931915699,False,0.08920701731447404,0.37418419136757,False,0,False,0.24081500211050938,0.38908586940185197,True,0.07429784969167806,0.4053196452551596,False,0.12089503908656879,0.4278776273423678,False,1,False,0.34590134945027573,0.3879450925483012,True,0.08134620440527426,0.4311782121066069,False,0.09070508340814554,0.4402620529852082,False,1,False
3780.0,4140.0,0.27162964664563366,0.42165881424373675,False,0.1393728434544541,0.376838027584143,False,0.1518655405083515,0.3551663847005574,False,0,False,0.23131570214662422,0.3410669726896762,False,0.13819972558218366,0.36223181700564283,False,0.1465335156789157,0.4025972100567418,False,0,False,0.273575068701517,0.3496845796263118,False,0.13273153589218054,0.3570158587511267,False,0.1792794080607866,0.40281128381977627,False,0,False
3810.0,4170.0,0.13968402846824554,0.4947716323445409,True,0.1661091412085602,0.3725922162003028,False,0.21154331888320047,0.42086056404521943,False,1,False,0.131023396574798,0.4077638614438357,True,0.17971153418279842,0.32838397704373407,False,0.15808015384955187,0.44693289274618764,False,1,False,0.15881577734468338,0.40732425973372277,False,0.17660665233462716,0.3190992804679759,False,0.16438105631966446,0.43712381281791823,False,0,False
3840.0,4200.0,0.08463662995732828,0.45135347530732145,False,0.21268146845717706,0.3562537990146276,False,0.22298370235722634,0.4201303628660763,False,0,False,0.1059937492882518,0.511949120163166,False,0.16016573684392735,0.322348673561914,False,0.12348313643754931,0.3962761811219925,False,0,False,0.1656769493319177,0.5035496895351931,False,0.13578628513481045,0.34042835930928633,False,0.10850779625359462,0.41887236776529446,False,0,False
3870.0,4230.0,0.03905649883340395,0.3764714652445763,False,0.10237934528198112,0.2205208679377083,False,0.09190445144964152,0.30914325388033026,False,0,False,0.051223199904814255,0.5484505700645648,False,0.11171620599770579,0.22642282130036095,False,0.08680917338122672,0.27540060320614423,False,0,False,0.050436863204992986,0.5423090129434186,False,0.10381794530242144,0.22603528272750606,False,0.04997668922334173,0.28500184392394184,False,0,False
3900.0,4260.0,0.04816292182181495,0.45623126159942423,False,0.07475339975674974,0.32530522924284716,False,0.06395400276947386,0.20445600418833854,False,0,False,0.08924448152746332,0.48418465921714815,False,0.07726893248182444,0.3176653139178204,False,0.09304085812026103,0.19626565758610898,False,0,False,0.08787542495358877,0.5102054332664163,False,0.1438919296502143,0.3247064240068287,False,0.1778166373742297,0.18053726063058156,False,0,False
3930.0,4290.0,0.12353281149541437,0.319158045282573,False,0.16846212899527052,0.4327829951968233,False,0.22199378301878842,0.32015560743710314,False,0,False,0.07431003655761893,0.48955170285536276,False,0.191941029949355,0.450368848848712,False,0.20038535607110658,0.33113829027346897,False,0,False,0.08141208031511765,0.553248011900545,False,0.1902061082645575,0.41007355029206904,True,0.1778808245294238,0.4157092799562748,False,1,False
3960.0,4320.0,0.08012375823134103,0.34782073152893167,False,0.130621334525447,0.4675401125249008,False,0.19038118563331105,0.4585545164721725,False,0,False,0.06682393359491853,0.3762216426899252,False,0.12767036746411825,0.4803249898249683,False,0.18839544619845364,0.466993400968168,False,0,False,0.07194419494412219,0.3770384382973638,False,0.11388240494735397,0.4788338580185789,False,0.13886944235668486,0.45273548077730563,False,0,False
3990.0,4350.0,0.04438726038474028,0.4837725346476337,False,0.11274311828172608,0.4178399638430386,False,0.10869165941168603,0.38034499418052603,False,0,False,0.10157759085182358,0.46694141362530894,False,0.11940527042557084,0.4622869896013395,False,0.10156463571534187,0.3890056066966425,False,0,False,0.08004080491648252,0.47492055543434086,False,0.1430429554464784,0.4373924095738251,False,0.06498438091004559,0.4453102933845551,False,0,False
4020.0,4380.0,0.05613039133881348,0.43246805635881647,False,0.1321125940723893,0.3453917764409058,False,0.09530066877007062,0.3702157062790373,False,0,False,0.06378497870616692,0.4986342375222328,False,0.12493793664181459,0.3453094594405628,False,0.10362389415832904,0.38817276756864993,False,0,False,0.0723290349016266,0.4758943946759464,False,0.08126667249367599,0.3569711985737082,False,0.1037648192528048,0.3739815054060469,False,0,False
4050.0,4410.0,0.03426527257563218,0.279921627288849,False,0.19527523893712437,0.30608979095805877,False,0.16139195287350858,0.29213474313937415,False,0,False,0.13337050686934634,0.31167022082572854,False,0.14296073154190847,0.2997006246727498,False,0.12819568959390612,0.21602514855004068,False,0,False,0.12998535607963874,0.3143954002131235,False,0.10701864310309603,0.25212283978277983,False,0.13957973156894038,0.21526916245084704,False,0,False
4080.0,4440.0,0.08747144025640785,0.15202024324640978,False,0.11977020304646445,0.286020431763824,False,0.12905993779353675,0.28315672941230935,False,0,False,0.08214199259461295,0.14265368102352585,False,0.06726026844514497,0.28840850117571626,False,0.09474979424669354,0.2601541918981104,False,0,False,0.11088157794802042,0.1447771571402826,False,0.08183789010927187,0.2770349734182991,False,0.10503256687685326,0.2563558700488376,False,0,False
4110.0,4470.0,0.17314244817998412,0.17911291007679786,False,0.03924070838491013,0.2939795771884423,False,0.07450854144629931,0.29985900697190365,False,0,False,0.12165428223388847,0.2282471329421195,False,0.03642857317810799,0.31540439928802033,False,0.08041659444977756,0.3506525429581441,False,0,False,0.10488420820559394,0.21705109372755416,False,0.0867448744095138,0.32097605891723474,False,0.10851449662135168,0.3642339040767809,False,0,False
4140.0,4500.0,0.12306951332070509,0.3849359814922583,False,0.057855927258547706,0.39336461668010625,False,0.057830129502198215,0.3529540155570149,False,0,False,0.13544046324723616,0.39911494116407564,True,0.13014811368172546,0.37828783372407715,False,0.18264895387548707,0.4468365950975046,False,1,False,0.18109880551324536,0.3800767039063804,False,0.16885429384294837,0.45635149018036203,False,0.14702626618821724,0.48813868510954117,False,0,False
